{
  "test_size": 34,
  "base": {
    "accuracy": 0.29411764705882354,
    "per_class": {
      "高": {
        "precision": 1.0,
        "recall": 0.25,
        "f1": 0.4,
        "support": 4
      },
      "中": {
        "precision": 0.2727272727272727,
        "recall": 1.0,
        "f1": 0.42857142857142855,
        "support": 9
      },
      "低": {
        "precision": 0,
        "recall": 0.0,
        "f1": 0,
        "support": 21
      }
    },
    "confusion_matrix": [
      [
        1,
        3,
        0
      ],
      [
        0,
        9,
        0
      ],
      [
        0,
        21,
        0
      ]
    ]
  },
  "lora": {
    "accuracy": 0.9117647058823529,
    "per_class": {
      "高": {
        "precision": 0.6666666666666666,
        "recall": 1.0,
        "f1": 0.8,
        "support": 4
      },
      "中": {
        "precision": 1.0,
        "recall": 0.6666666666666666,
        "f1": 0.8,
        "support": 9
      },
      "低": {
        "precision": 0.9545454545454546,
        "recall": 1.0,
        "f1": 0.9767441860465117,
        "support": 21
      }
    },
    "confusion_matrix": [
      [
        4,
        0,
        0
      ],
      [
        2,
        6,
        1
      ],
      [
        0,
        0,
        21
      ]
    ]
  },
  "improvement": 0.6176470588235294
}